time,value,accuracy
1585850465562,67.512764,2
1585850466550,67.512764,2
1585850467521,67.512764,2
1585850468499,67.42849,1
1585850469475,67.42849,1
